Name,Website URL
Spotable BV,https://www.spotable.be
Klaro Cards,https://www.klaro.cards
StockViz,https://www.stockviz.com
Bimefy,https://www.bimefy.com
Aug.e,https://www.aug-e.io
wehave,https://www.wehave.io
Remotists,https://www.remotists.com
Utiq,https://www.utiq.com
Freightbooking,https://www.freightbooking.be
SpectralBot,https://www.spectralbot.com
Quidzi,https://www.quidzi.com
Team n Time,https://www.teamntime.com
Aikido,https://www.aikido.dev
Peliqan.io,https://www.peliqan.io
Pilario,https://www.pilario.com
Chift,https://www.chift.eu
Paybix,https://www.paybix.eu
Predikt,https://www.predikt.technology
DigiForm BV,https://www.digiform.be
Trudenty,https://www.trudenty.com
Revend,https://www.revend.ai
Fabulor,https://www.fabulor.eu
Mawzi,https://www.mawzi.com
Odoo,https://www.odoo.com
Intro,https://www.introw.io
Hyperlane,https://www.hyperlane.co
TechWolf,https://techwolf.com
FixForm,https://www.fixform.com
LegalFly,https://www.legalfly.ai
Yields,https://www.yields.io
Timefold,https://timefold.ai
Crowwd,https://www.crowwd.io
Peripass,https://peripass.com
Uman,https://www.uman.ai
Yago,https://www.yago.be
Arintra,https://www.arintra.com
Pro Alliance,https://www.streamliner.cloud
Retviews,http://retviews.com
Innocens,https://innocens.be
Donna,https://askdonna.com
Karomia,http://karomia.eu
LegalFly,http://legalfly.ai
Wobby,https://wobby.ai
TapUp,https://www.tap-up.app
FINVICTUM,https://finvictum.com
Solutio,https://www.eduvik.com
Optioryx,https://www.optioryx.com
Volcaino,https://www.volcaino.com
Ventory,https://ventory.io
Artion,https://artion.be
